Date,Job title,Company,,,,,,
9/27/2022,Data Analyst,Barclays,,,Month,Jobs Listed,,
8/23/2022,Data Analyst,Experian,,,jan,1,,
8/30/2022,Data Analyst,Experian,,,feb,5,,
10/3/2022,Associate - Data Analysis,Newfold Digital,,,mar,9,,
9/8/2022,Data Analyst,Experian,,,apr,10,,
9/23/2022,Data Analyst,Barclays,,,may,17,,
9/29/2022,Data Analyst - I,BookMyShow,,,jun,18,,
7/15/2022,Data Analyst,ESSENWARE PRIVATE LIMITED,,,jul,92,,
9/16/2022,Data Analyst,Dynatrace,,,aug,193,,
9/15/2022,Data Analyst,Barclays,,,sep,561,,
9/27/2022,Analyst - Data and Analytics (Spend Analysis),GEP Worldwide,,,,,,
9/22/2022,Data Analyst - Engineering,Barclays,,,,,,
10/3/2022,Data Analyst,MASTER MIND CONSULTANCY,,,,,,
8/25/2022,Data Analyst,HEXANIKA,,,,,,
7/22/2022,Data Analyst - Mumbai,The Good Glamm Group,,,,,,
8/18/2022,Data Analyst - Fatak Pay,Incluzon,,,,,,
8/21/2022,Data Analyst,WayCool Foods,,,,,,
9/27/2022,Data Analyst,EOSGlobe,,,,,,
8/21/2022,IARC - Data Analyst,International Asset Reconstruction Company,,,,,,
9/8/2022,Data Analyst,DBS Bank,,,,,,
7/9/2022,Data Analyst,Zycus,,,,,,
9/22/2022,Global Data Analyst,LRQA,,,,,,
10/1/2022,Data Analyst,ACURA SOLUTIONS LTD,,,,,,
9/30/2022,"Analyst, Data","GXO Logistics, Inc.",,,,,,
8/18/2022,Data Analyst,Brainwonders,,,,,,
9/24/2022,Data Analyst,Priceline,,,,,,
9/21/2022,Data Analyst,Cotiviti,,,,,,
8/29/2022,Data Analyst,Control Risks,,,,,,
8/7/2022,Data Analyst,Parity Cube Pvt. Ltd.,,,,,,
8/25/2022,Data Analysts,KUDOSiNDiA,,,,,,
8/26/2022,Data Analyst,_VOIS,,,,,,
9/29/2022,Data Analyst,Exponentia.ai,,,,,,
8/22/2022,"Data Analyst, Marketing",Global Industrial Company,,,,,,
2/4/2022,"Data Analyst (SQL, PowerBI)",TMF Group,,,,,,
7/22/2022,Junior Data Analyst – SA Level 1,Apex Group Ltd,,,,,,
8/15/2022,E- commerce Data Analyst,Qrata,,,,,,
9/30/2022,Data Analyst - Python/Tableau/SQL (1-10 yrs),Zeno Health,,,,,,
8/28/2022,Data Analyst,Exponentia.ai,,,,,,
9/16/2022,GOQii Technologies - Data Analyst - R/Python,GOQii,,,,,,
9/30/2022,Analyst - Data & Analytics,General Mills India,,,,,,
7/12/2022,Senior Data Analyst,Poshmark,,,,,,
7/13/2022,Data Analyst (1-4 yrs),Axis My India,,,,,,
8/25/2022,Business Data Analyst,Data Sutram,,,,,,
8/7/2022,Data Analyst,Advanced Risk Analytics Private Limited,,,,,,
9/29/2022,Expertrons - Data Analyst,Expertrons,,,,,,
9/13/2022,Clinical Data Analyst,Omasy Research,,,,,,
7/12/2022,Satori Group - Data Analyst - SSRS/SQL Server,Satori Group India,,,,,,
9/26/2022,Sciative Solutions - Data Analyst,Sciative - We Price Right,,,,,,
7/8/2022,Data Anlayst - SQL - FinTech Startup (3-5 yrs),Unnati,,,,,,
8/25/2022,"Associate Analyst, Analytics",Evolent Health,,,,,,
8/29/2022,"Analyst, Analytics",Evolent Health,,,,,,
10/3/2022,"Data Analyst , Senior Data Analyst , Data Analyst",AppSoft Solutions,,,,,,
9/28/2022,Data Analyst,eTeam,,,,,,
10/2/2022,"Data Analyst, Trilogy (Remote) - $60,000/year USD",Crossover for Work,,,,,,
9/7/2022,Data Standard Analyst,Medpace,,,,,,
9/15/2022,Analyst-Data Research & Analysis,Black & Veatch,,,,,,
9/28/2022,Associate Data Analyst_Energy Domain( Pune),Energy Exemplar,,,,,,
8/30/2022,Data Analyst Steward (7+ years) (Pune),Fractal,,,,,,
7/8/2022,EDS MI,WTW,,,,,,
8/5/2022,Business Data Analyst,Phoenix Group,,,,,,
8/30/2022,"Data Analyst Navi Mumbai, Maharashtra",Medscape,,,,,,
6/7/2022,Data Analyst-R-8615-2021,SKILLETY,,,,,,
8/12/2022,Data Analyst - Risk Global Markets,BNP Paribas,,,,,,
6/2/2022,Credit Data Analyst - 7819,ION,,,,,,
10/3/2022,Data Analyst (OpEx Engineering),Fynd (Shopsense Retail Technologies Ltd.),,,,,,
8/28/2022,Credit Data Analyst - 7819,ION,,,,,,
8/7/2022,Business Data Analyst – Digital Output (Radiology Company),Carestream,,,,,,
9/9/2022,Data Analytics,Network18 Media & Investments Limited,,,,,,
9/17/2022,Data Analyst (French),Numerator,,,,,,
8/12/2022,Business Data Analyst,Talent Integrators,,,,,,
6/14/2022,Data Analyst,P.S International HR Consultants,,,,,,
9/9/2022,Business Data Analyst - Supply chain,Mondelēz International,,,,,,
9/27/2022,Xpressbees - Data Analyst - R/Python,Xpressbees (BusyBees Logistics Solutions Pvt. Ltd.),,,,,,
9/8/2022,Reporting Data Analyst,Qween Network LLP,,,,,,
9/7/2022,Data Analyst for a leading Recruitment ATS Platform,Gratitude India,,,,,,
9/9/2022,Data Analyst,MASTER MIND CONSULTANCY,,,,,,
6/1/2022,NMIMS - Data Analyst,NMIMS Global,,,,,,
5/11/2022,Senior Data Analyst,Kennect Inc.,,,,,,
9/14/2022,"Data Analyst , Senior Data Analyst , Data Analyst - Tech Lead",AppSoft Solutions,,,,,,
9/4/2022,Data Analytics,Array Management Consultants,,,,,,
6/24/2022,Analyst - Core Analytics(MATLAB & R),Randstad India,,,,,,
8/23/2022,SQL Developer,Opportunity One Step Solutions Private Limited,,,,,,
9/28/2022,Wellthy - Data/Product Analyst,Wellthy Therapeutics,,,,,,
7/18/2022,Data Analysis/Data Science Role - Business Intelligence,Pioneer Financial & Management Services Ltd.,,,,,,
9/9/2022,HR Data Analyst,Medline India,,,,,,
8/30/2022,Data Analyst / BI Developer,Owens Career Center,,,,,,
9/23/2022,Lead I - Data Analysis,UST,,,,,,
9/28/2022,"Analyst, Data Quality",Evolent Health,,,,,,
10/2/2022,"Data Analyst , Senior Data Analyst , Data Analyst - Tech Lead",AppSoft Solutions,,,,,,
7/12/2022,Apexon - Data Analyst - Python/Flask,Apexon,,,,,,
9/8/2022,Data Engineer,A Brand View,,,,,,
9/8/2022,Data Analyst (French),Numerator,,,,,,
9/21/2022,Data Modelling,Zensar Technologies,,,,,,
9/26/2022,MDP Associate,Morningstar,,,,,,
7/28/2022,Data Analyst (French),Numerator,,,,,,
9/21/2022,Data Analyst/Senior Data Analyst (2-5 yrs),Axis My India,,,,,,
8/12/2022,Senior IT Data & Reporting Analyst,ZS,,,,,,
9/23/2022,Snowflake Data Analyst,Peterson Technology Partners,,,,,,
9/8/2022,DATA ANALYST PRINCIPAL,Cummins Inc.,,,,,,
8/12/2022,Corporate CRM - Data analyst,Barclays,,,,,,
9/14/2022,Associate Strategic Value Advisory Data Analyst,Coupa Software,,,,,,
9/16/2022,Secret Technologies - Data Analyst,SECRET TECHNOLOGIES INDIA (VMS GROUP),,,,,,
5/11/2022,Data Analyst/Senior Data Analyst (2-3 yrs),Axis My India,,,,,,
9/30/2022,French Data Analyst,Numerator,,,,,,
8/26/2022,POWER BI,Russell Tobin,,,,,,
9/26/2022,Data Analyst - Business Intelligence,ProPMO Services Private Limited,,,,,,
9/29/2022,Senior Data Analyst,TMF Group,,,,,,
8/7/2022,Digital Analytics,_VOIS,,,,,,
8/27/2022,Analyst - Core Analytics - Power BI,Randstad India,,,,,,
9/21/2022,French Data Analyst,Numerator,,,,,,
2/4/2022,Data Analyst For Associate & Senior Associate - COSI Team,Apex Group Ltd,,,,,,
7/26/2022,Patient Cloud - Data Analyst,Dassault Systèmes,,,,,,
8/7/2022,Corporate CRM - Data analyst,Barclays,,,,,,
9/20/2022,Associate Data Center Operations Analyst,Ensono,,,,,,
9/14/2022,Senior Data Analyst - eCommerce,BVictorious Management Consultancy,,,,,,
9/21/2022,Senior Data Analyst,Testbook,,,,,,
9/23/2022,Data Engineer,Hexaware Technologies,,,,,,
8/28/2022,Data Analyst - Power BI + Alteryx,Apex Group Ltd,,,,,,
9/29/2022,Data Analyst - Investment Banking/Financial Services Data (10-20 yrs),DADJ Inc.,,,,,,
3/4/2022,Systems Engr I,Honeywell,,,,,,
9/28/2022,Senior Data Analyst - eCommerce,BVictorious Management Consultancy,,,,,,
6/7/2022,Senior Analyst - Data and Analytics (Spend Analysis),GEP Worldwide,,,,,,
8/25/2022,Senior Data Analyst,Enquero,,,,,,
8/22/2022,Insights Analyst/ Senior Analyst (Media & Entertainment),Ormax Media,,,,,,
9/22/2022,Sales Operations Data Analyst,Bloom Energy,,,,,,
9/23/2022,Data Solutions Analyst,Barclays,,,,,,
8/14/2022,Data Engineer junior,Marine Debt Management,,,,,,
9/16/2022,AME Senior Data Analyst,Garrett - Advancing Motion,,,,,,
9/22/2022,CIEL/SEL/21820: Data Analyst - FSG- Mumbai,CIEL HR,,,,,,
9/6/2022,"Analyst, Digital Data & Operations",DKSH,,,,,,
8/26/2022,Credit Data - 8013,ION,,,,,,
9/30/2022,Senior Data Analyst,sRide Carpool,,,,,,
9/30/2022,Mysoftlabs - Data Analyst - Data Modeling and Warehousing,Mysoftlabs,,,,,,
9/30/2022,Axis My India - Manager - Data Analyst,Axis My India,,,,,,
6/15/2022,Data Solutions Analyst,Barclays,,,,,,
3/4/2022,Big Data Analyst,HR Jobs,,,,,,
7/6/2022,Data Engineer,Sigmaways Inc,,,,,,
9/19/2022,Senior Data Analyst - (PLSQL + Unix),HARMAN International,,,,,,
9/23/2022,Senior Data Analyst,vConstruct Private Limited,,,,,,
8/31/2022,"Data QA Analyst Navi Mumbai, Maharashtra",Medscape,,,,,,
8/2/2022,Data Engineer,Barclays,,,,,,
9/30/2022,MICROSOFT - SQL DB Dev,Zensar Technologies,,,,,,
9/3/2022,"Senior Data Quality Analyst with Python or R, SQL",ISS | Institutional Shareholder Services,,,,,,
9/29/2022,"Data QA Analyst Navi Mumbai, Maharashtra",Medscape,,,,,,
9/30/2022,CIEL/SEL/24179: Data Analyst - reporting and data visualization,CIEL HR,,,,,,
8/7/2022,Senior Data Analyst,ClearTrail Technologies,,,,,,
9/20/2022,Data Engineer Batch,Barclays,,,,,,
9/20/2022,Systems Engr II,Honeywell,,,,,,
8/22/2022,Data Engineer – Price Assessments (R),Argus Media,,,,,,
8/29/2022,"Power BI, Tableau and Python",SKILLETY,,,,,,
8/30/2022,"Sr Analyst, Analytics",Evolent Health,,,,,,
9/29/2022,MEDIDATA AI R&D Data Analyst,Dassault Systèmes,,,,,,
9/23/2022,SQL Engineer,Ivalua,,,,,,
1/13/2022,DATA ANALYST/BUSINESS ANALYST-P&C Insurance/ Brokerage(EXP-5 TO 8YEARS),CIEL HR,,,,,,
8/14/2022,"Senior Analyst, Data","GXO Logistics, Inc.",,,,,,
9/26/2022,Analytics Role - Healthcare (,Hiring Partners HR Solutions Pvt. Ltd.,,,,,,
9/26/2022,Senior Data Governance Analyst,bp,,,,,,
9/21/2022,Supplier Data Management - Analyst/Sr. Analyst/ Associate / Sr. Associate,WNS,,,,,,
9/14/2022,Sr. Data Analytics,CrowdStrike,,,,,,
9/4/2022,Data Engineer,Hexaware Technologies,,,,,,
9/23/2022,Data Engineer - IT,Bajaj Finserv,,,,,,
9/21/2022,Systems Engr II,Honeywell,,,,,,
9/22/2022,DATA ANALYST/BUSINESS ANALYST-P&C Insurance/ Brokerage(EXP-5 TO 8YEARS),CIEL HR,,,,,,
9/13/2022,Analyst – SQL Database Testing and Development,ISS | Institutional Shareholder Services,,,,,,
9/7/2022,Qlik Analyst,_VOIS,,,,,,
9/30/2022,Deputy Manager_Assistant Lead_Data Analyst_Pune,_VOIS,,,,,,
7/22/2022,Data Engineer,Barclays,,,,,,
9/2/2022,SQL Developer,Sutherland,,,,,,
8/22/2022,SQL Developer,Sutherland,,,,,,
9/22/2022,Data Engineer,Barclays,,,,,,
9/20/2022,Data Management Analyst _ Hedge Funds,BNP Paribas,,,,,,
9/26/2022,IT Business/Data Analyst - ETL/DWH - Banking,Pioneer Financial & Management Services Ltd.,,,,,,
9/22/2022,Data Warehouse Developer,Barclays,,,,,,
9/22/2022,MEDIDATA AI R&D Data Analyst,Medidata Solutions,,,,,,
8/27/2022,SQL Developer,SKS Enterpprises - Human Resource Planning and Management,,,,,,
9/5/2022,Data engineer,Veritas Technologies LLC,,,,,,
8/25/2022,Marketing Data Enrichment Analyst,EDB,,,,,,
10/3/2022,Support Analyst,BNP Paribas,,,,,,
9/23/2022,SQL Developer,MindTech Solutions,,,,,,
9/4/2022,"Senior Analyst, Global Insights & Analytics, Creative & Innovation Excellence",Mondelēz International,,,,,,
9/8/2022,Data Engineer - Data Analytics/Power BI,Taliun,,,,,,
9/5/2022,Data Engineer,Vistex,,,,,,
9/8/2022,Data Engineer,TMF Group,,,,,,
8/11/2022,Data Engineer,ResMed,,,,,,
9/30/2022,Data Engineer / Database Engineer,CIEL HR,,,,,,
8/26/2022,Data Engineer,Veritas Technologies LLC,,,,,,
8/25/2022,SaT_TRS-WCAS_Advanced Analyst,EY,,,,,,
8/15/2022,"Data Analyst/Scientist, Internal Audit #216642",ACCA Careers,,,,,,
8/19/2022,Data Management Analyst,Medline India,,,,,,
9/5/2022,Operation Executive cum Data Analyst,BUSISOL SOURCING (INDIA) PRIVATE LIMITED,,,,,,
9/3/2022,Data Engineers,CloudCover,,,,,,
9/2/2022,"Data Research Analyst, Trilogy (Remote) - $60,000/year USD",Crossover for Work,,,,,,
9/16/2022,IBM ECM,Tata Consultancy Services,,,,,,
8/13/2022,SQL Developer,One Point One Solutions,,,,,,
10/1/2022,Data Engineer,Veritas Technologies LLC,,,,,,
7/31/2022,Data Engineer,Veritas Technologies LLC,,,,,,
9/28/2022,Data Engineer for Data Analytics Start-up,Clarista Inc.,,,,,,
9/27/2022,"Senior Analyst, Shared Analytics, CCC",Integreon,,,,,,
9/30/2022,Data Operations Engineering Data Senior Analyst,bp,,,,,,
9/23/2022,Data Engineer,Veritas Technologies LLC,,,,,,
7/22/2022,SAS Developer,Barclays,,,,,,
6/30/2022,Report Developer,Infrasoft Technologies Ltd,,,,,,
9/2/2022,"Financial Planning & Analysis IT, Market Data and Cost Analyst",Apex Group Ltd,,,,,,
9/17/2022,Operation Executive cum Data Analyst,BUSISOL SOURCING (INDIA) PRIVATE LIMITED,,,,,,
9/2/2022,"Trainee, Database VEVE (179)",Affinity Global Inc.,,,,,,
9/25/2022,CIEL/SEL/24655: Sr Data Analyst,CIEL HR,,,,,,
8/13/2022,Research & Analytics Analyst,Great Place to Work US,,,,,,
7/18/2022,Report Developer,IntegriChain,,,,,,
9/27/2022,"DATA TENDER EXECUTIVE DME MIS CRM,Data Entry Analyst",Oil and Gas,,,,,,
8/28/2022,Application specialist,Barclays,,,,,,
9/29/2022,Data Engineer,Partners Group,,,,,,
9/28/2022,SQL Developer - Database Design,ProPMO Services Private Limited,,,,,,
9/28/2022,"Senior Analyst, Workforce Analytics","GXO Logistics, Inc.",,,,,,
9/2/2022,Senior HRIS Data Analytics & Reporting Analyst,NewRocket,,,,,,
9/8/2022,Data Engineer,PaySense,,,,,,
9/20/2022,Data Engineer,Bajaj Finserv,,,,,,
10/3/2022,"Associate Consultant, Analytics",Vistex,,,,,,
9/30/2022,"Tech Lead - SQL, PL/SQL,ADVANCE PL/SQL",Zensar Technologies,,,,,,
10/1/2022,"Data Engineer (Python, Scala)",KNOREX,,,,,,
8/27/2022,Data Engineer,WLC TECHNOLOGY,,,,,,
9/26/2022,Data Engineer,Oneture Technologies,,,,,,
9/22/2022,Data Engineer,Evolent Health,,,,,,
8/30/2022,MS SQL Developer,Tata Consultancy Services,,,,,,
9/24/2022,Data Engineer_Publicis Resources,CodersBrain,,,,,,
9/30/2022,Transformhub - Data Engineer,TransformHub,,,,,,
9/20/2022,Data Operations Engineering Data Senior Analyst,bp,,,,,,
6/18/2022,IFS Application,CIEL HR,,,,,,
8/30/2022,Data Engineer,NSEIT LIMITED,,,,,,
8/30/2022,On Demand Agility Software - Data Analyst - Power BI,OnDemand Agility Solutions,,,,,,
9/9/2022,Data Engineer - Work From Office - Mumbai,Qween Network LLP,,,,,,
9/8/2022,Data Operations Engineering Data Senior Analyst,bp,,,,,,
8/30/2022,Data Operations Engineering Data Senior Analyst,bp,,,,,,
8/25/2022,Data Operations Engineering Data Senior Analyst,bp,,,,,,
9/2/2022,SQL Developer,"AGDATA, LP",,,,,,
8/30/2022,Reporting & Insight Analyst,Barclays,,,,,,
8/30/2022,Analyst,LSEG (London Stock Exchange Group),,,,,,
9/28/2022,Senior Processing Analyst,Barclays,,,,,,
9/30/2022,Data Engineer - ETL/Data Pipeline,Delivery Solutions,,,,,,
8/30/2022,"Senior Analyst, Workforce Analytics 1","GXO Logistics, Inc.",,,,,,
9/29/2022,Data Engineer,Black Box Limited (Formerly AGC Networks Ltd),,,,,,
8/30/2022,Deputy Manager_Assistant Lead_Data Analyst-GBIS,_VOIS,,,,,,
9/22/2022,Senior Processing Analyst,Barclays,,,,,,
9/9/2022,Senior Processing Analyst,Barclays,,,,,,
8/7/2022,Associate Systems Engineer (2 positions),Braves Technologies,,,,,,
4/20/2022,CIEL/SEL/27177: BI - Analyst,CIEL HR,,,,,,
4/12/2022,Senior Processing Analyst,Barclays,,,,,,
9/29/2022,Data Engineer,Rudder Analytics,,,,,,
9/22/2022,Vamstar - SQL Analyst I - Python/Spark,Vamstar,,,,,,
5/27/2022,Senior Processing Analyst,Barclays,,,,,,
8/30/2022,Senior Processing Analyst,Barclays,,,,,,
9/8/2022,IFS Application,CIEL HR,,,,,,
9/23/2022,"AWS DATA LAKE, DATA PIPELINE",Zensar Technologies,,,,,,
5/28/2022,Senior Processing Analyst,Barclays,,,,,,
9/30/2022,Specialist - Data Engineering,LTI - Larsen & Toubro Infotech,,,,,,
9/1/2022,Senior Processing Analyst,Barclays,,,,,,
7/22/2022,Talend Developer,KPMG India,,,,,,
9/5/2022,"Developer,Analytics/ Business Intelligence",Netxcell Limited,,,,,,
9/17/2022,Manager - Clinical Data Analyst (7-12 yrs),Alexia Consulting Services LLP,,,,,,
9/30/2022,Data Engineer,Randstad India,,,,,,
9/5/2022,Data Visualization Engineer,Varian,,,,,,
9/6/2022,Hiring Data Engineer for IT Firm,SYMPHONI HR,,,,,,
9/8/2022,PL/SQL Developer,GoldenSource,,,,,,
9/28/2022,"Support Analyst/Senior Support Analyst - Unix, SQL",BNP Paribas,,,,,,
9/18/2022,Senior Processing Analyst,Barclays,,,,,,
10/3/2022,"Developer,Analytics/ Business Intelligence",Netxcell Limited,,,,,,
3/22/2022,Data Engineer,Accolite Digital,,,,,,
10/1/2022,Data Engineer,SADA,,,,,,
8/25/2022,Staff Insider Threat Analyst,Baker Hughes,,,,,,
9/2/2022,"Senior Analyst, Customer Analytics",Western Union,,,,,,
9/6/2022,"Financial Advisory International - Data Analytics - SE/AM - SQL,Qlikview",Deloitte Asia Pacific,,,,,,
9/21/2022,Data Engineer,Codalyze Technologies,,,,,,
6/2/2022,AWS Data Engineer,Tata Consultancy Services,,,,,,
7/22/2022,Data Engineer,bp,,,,,,
10/1/2022,Data Engineer,Principal Global Services,,,,,,
9/20/2022,Data Content Specialist,Morningstar,,,,,,
9/14/2022,Database Developer,ATCS Inc.,,,,,,
7/22/2022,Data Engineer - Python/Pandas,Arham Labs,,,,,,
9/29/2022,Analyst,DBRS Morningstar,,,,,,
9/2/2022,Data Engineer,Principal Global Services,,,,,,
9/28/2022,Data Engineer,General Mills India,,,,,,
9/9/2022,Cloud Systems Engineer,MicroStrategy,,,,,,
9/30/2022,Associate Systems Engineer,Allscripts India,,,,,,
9/30/2022,Data Engineer,bp,,,,,,
9/16/2022,Data Engineer,Nathan Ark Software Pvt. Ltd.,,,,,,
8/25/2022,Data Engineer,Dassault Systèmes,,,,,,
8/29/2022,Firstcry - Database Developer,FirstCry.com (BrainBees Solutions Pvt. Ltd.),,,,,,
5/31/2022,Systems Engineer,Baker Hughes,,,,,,
9/29/2022,Data Engineer - 5842,ION,,,,,,
9/12/2022,Data Engineer,Codalyze Technologies,,,,,,
9/30/2022,Data Engineer DW/BI (R1882),Avalara,,,,,,
9/29/2022,Markets APAC Macro Dev,Barclays,,,,,,
7/28/2022,Data Engineer – Smart Building Analytics (6 - 9 years),Siemens Technology India,,,,,,
8/30/2022,Data Engineer,Oneture Technologies,,,,,,
9/29/2022,Lead SQL - Mumbai / Kolkata - MNC - WFH,PESHR,,,,,,
10/3/2022,Systems Engr I,Honeywell,,,,,,
6/16/2022,TransOrg Analytics - Data Engineer,TransOrg Analytics,,,,,,
9/20/2022,SQL Developer,Phoenix Group,,,,,,
8/28/2022,Data Engineer,Principal Global Services,,,,,,
9/2/2022,"Systems Engineer, Applications",Ensono,,,,,,
7/25/2022,Data Engineer,Vitasta Consulting Pvt Ltd,,,,,,
9/7/2022,Data Engineer,TCG Digital,,,,,,
9/3/2022,"Financial Advisory International - Data Analytics - AM - SQL, VBA",Deloitte Asia Pacific,,,,,,
3/4/2022,Data Engineer-GCP,SADA,,,,,,
9/7/2022,Aurochs Software - Senior Data Analyst - Incentive Compensation,Aurochs Solutions,,,,,,
4/23/2022,Data Engineer,HuntingCube Recruitment Solutions,,,,,,
8/30/2022,"DATA ENGINEER - Dubai, UAE",Cobblestone Energy,,,,,,
9/6/2022,SQL Developer - Mumbai / Kolkata - MNC - WFH,PESHR,,,,,,
9/8/2022,Data Engineer,Coupa Software,,,,,,
8/30/2022,Tableau Developer,Barclays,,,,,,
9/28/2022,System Engineer,Wipro,,,,,,
9/21/2022,Systems Engineer,YouGov,,,,,,
9/1/2022,"Analyst, Fulfillment (R-12644)",Dun & Bradstreet,,,,,,
5/4/2022,Data Engineer,Expleo Group,,,,,,
8/21/2022,PLSQL Developer,CSB Bank Limited,,,,,,
8/29/2022,CIEL/SEL/22755: BI Analyst,CIEL HR,,,,,,
7/24/2022,Data Engineer,Alliance Recruitment Agency,,,,,,
10/3/2022,Technical Author - Ubuntu and Canonical products,Canonical,,,,,,
9/22/2022,Systems Engr I,Honeywell,,,,,,
9/29/2022,CIEL/SEL/21245: Data Engineer,CIEL HR,,,,,,
9/29/2022,PLSQL Developers,SKILLETY,,,,,,
8/16/2022,Data Engineer,Array Management Consultants,,,,,,
8/20/2022,PayMate India - SQL Developer - SSRS/SSIS,PayMate,,,,,,
8/29/2022,Data Engineer - Python/Pandas,Intern Theory,,,,,,
9/29/2022,Data Engineer ( 5+ years ) || Mumbai,Michael Page,,,,,,
7/22/2022,Associate System Engineer,Community Brands,,,,,,
8/29/2022,SQL AND ETL Developer,Barclays,,,,,,
9/14/2022,Data Operations Maintenance Data Senior Analyst,bp,,,,,,
9/15/2022,Systems Engineer,YouGov,,,,,,
8/25/2022,Data Engineer - Python,SKILLETY,,,,,,
9/2/2022,Data Engineer (Python),Scry Analytics,,,,,,
9/28/2022,CIEL/SEL/22133: Analyst /Sr Analyst - Consumer Insights,CIEL HR,,,,,,
5/20/2022,Service Desk Analyst,Company 3,,,,,,
9/2/2022,"Developer,Database",Netxcell Limited,,,,,,
9/3/2022,Data Developer,DIATOZ: Digital A to Z Solutions,,,,,,
9/28/2022,Data Operations Maintenance Data Senior Analyst,bp,,,,,,
3/4/2022,BI Developer,Roche,,,,,,
9/7/2022,Junior Systems Engineer - Linux,Trace,,,,,,
7/31/2022,Data Engineer - GCP,SYMPHONI HR,,,,,,
8/28/2022,Web Scraper - Python/SQL,Sampoorna Consultants,,,,,,
9/25/2022,CIEL/SEL/22131: Analyst / Sr Analyst - Consumer Insights,CIEL HR,,,,,,
9/15/2022,Data Engineer - 4016,ION,,,,,,
8/11/2022,Data Engineer - GCP,SYMPHONI HR,,,,,,
7/31/2022,ODI Developer,SKILL ELIXIREDGE,,,,,,
9/29/2022,Data Engineer,Easebuzz,,,,,,
8/9/2022,"Developer,Database",Netxcell Limited,,,,,,
9/29/2022,Systems Engineer,Infosys BPM,,,,,,
8/26/2022,SQL Developer,NR Consulting,,,,,,
4/28/2022,Data Engineer,Astegic,,,,,,
4/30/2022,"Developer,Database",Netxcell Limited,,,,,,
9/7/2022,PowerBI Developer,Emerson,,,,,,
9/22/2022,SQL Developer,IDESLABS PRIVATE LIMITED,,,,,,
9/14/2022,Data Engineer (Python),Just Career Management Private Limited,,,,,,
9/23/2022,Associate Indexes Client experience Analyst,Morningstar,,,,,,
3/4/2022,TransOrg Analytics - Data Engineer - Python,TransOrg Analytics,,,,,,
9/27/2022,CIEL/SEL/21525: Data Scientist,CIEL HR,,,,,,
9/9/2022,Database Developer (MS SQL),Sportz Interactive,,,,,,
9/23/2022,Jr. Node.js,Dhi Technologies Private Limited,,,,,,
8/7/2022,Systems Engr II,Honeywell,,,,,,
9/3/2022,Data Modeller | 6 to 9 years | Mumbai & Pune,Capgemini,,,,,,
9/16/2022,Database Engineer,Cerence Inc.,,,,,,
9/25/2022,"Specialist_BIS, Mumbai - India",Integreon,,,,,,
7/31/2022,Developer,Barclays,,,,,,
6/24/2022,Data Engineer - GCP,SYMPHONI HR,,,,,,
10/3/2022,Associate Indexes Client experience Analyst,Morningstar,,,,,,
7/13/2022,Data Engineer - GCP,SYMPHONI HR,,,,,,
9/4/2022,Aayushi - Opening for Data engineer,MAC Consultant,,,,,,
9/30/2022,Data Engineer,IDESLABS PRIVATE LIMITED,,,,,,
9/20/2022,Business System Analyst,Qween Network LLP,,,,,,
9/22/2022,"Oracle Forms - Mumbai, Pune location",CIEL HR,,,,,,
8/7/2022,SYSTEM ENGINEER,HELLA,,,,,,
8/18/2022,Consultant - Data Engineer,Principal Global Services,,,,,,
8/30/2022,AWS INFRA,LTI - Larsen & Toubro Infotech,,,,,,
9/2/2022,CIEL/SEL/21241: BI Analyst,CIEL HR,,,,,,
9/27/2022,ETL - DBT,Zensar Technologies,,,,,,
10/3/2022,Data Engineer,Alliance Recruitment Agency,,,,,,
9/16/2022,Engineer II - Database Administration,Accelya Group,,,,,,
10/3/2022,Tableau Developer,Cyient,,,,,,
9/9/2022,Cloud Support Engineer,MicroStrategy,,,,,,
9/2/2022,GCP Data Engineer,ESSENWARE PRIVATE LIMITED,,,,,,
9/29/2022,Sr. Supply Chain Analytics Analyst,Ecolab,,,,,,
8/29/2022,Developer,Barclays,,,,,,
7/27/2022,Data Science - Python Developer,Cyient,,,,,,
8/28/2022,Staff Business Data Engineer,Ivanti,,,,,,
10/3/2022,Data Engineer - Azure/SQL/ETL,Aligned Automation,,,,,,
9/4/2022,Senior Business Systems Analyst/Business Data Analyst - Retail Banking,Pioneer Financial & Management Services Ltd.,,,,,,
9/26/2022,Sr. Analyst - NAF Data Foundation,General Mills India,,,,,,
9/12/2022,Sr. SQL/Data Warehouse Developer,AllianceBernstein,,,,,,
9/27/2022,Systems Engineer - Mainframe(1-2 years) - PUNE,Infosys,,,,,,
6/10/2022,NVS Analytics - Senior Analyst,NVS Analytics,,,,,,
9/7/2022,"Oracle SQL, PL/SQL, Oracle Performance tuning developer",BNP Paribas,,,,,,
9/5/2022,Data Engineer,Wipfli India,,,,,,
9/27/2022,Senior Analyst - Server Support,Capita,,,,,,
9/16/2022,ETL - DBT,Zensar Technologies,,,,,,
7/31/2022,SQL & Power BI Developer,Arcadis,,,,,,
9/21/2022,TLM Developers,Cognizant,,,,,,
9/20/2022,Systems Engineer II,Honeywell,,,,,,
9/20/2022,Data Engineer,"QUEST Engineering, LLC",,,,,,
7/30/2022,Developer (Informatica),Stratacent,,,,,,
9/20/2022,CIEL/SEL/23964: SQL Developer,CIEL HR,,,,,,
8/3/2022,SQL Developer - Mumbai / Kolkata - WFH,PESHR,,,,,,
8/8/2022,Snowflake Developer,Apidel Technologies,,,,,,
9/22/2022,Database Specialist - Redshift/PostgreSQL,Himflax Group,,,,,,
10/1/2022,Associate Tech Specialist (Data Engineer),ESSENWARE PRIVATE LIMITED,,,,,,
8/30/2022,Emdep - SQL Developer - DBMS,EMDEP TestBoards,,,,,,
9/8/2022,OPENSHIFT,LTI - Larsen & Toubro Infotech,,,,,,
9/22/2022,Database Specialist - Redshift/PostgreSQL,Himflax Group,,,,,,
8/28/2022,Data Engineer Real Time,Barclays,,,,,,
8/25/2022,Calculation Analyst,WhiteCrow Research,,,,,,
8/27/2022,Snowflake Developer,Tata Consultancy Services,,,,,,
9/1/2022,Software Engineer - Data,Siemens,,,,,,
9/22/2022,"Oracle Forms - Mumbai, Pune location",CIEL HR,,,,,,
9/16/2022,ETL Glue Dev,Barclays,,,,,,
9/2/2022,DATA QUALITY MANAGEMENT,Zensar Technologies,,,,,,
9/16/2022,OBIEE Developer,Federal Soft Systems Inc.,,,,,,
9/1/2022,Base24 Developers,Cognizant,,,,,,
9/2/2022,Developer,Barclays,,,,,,
8/29/2022,COBOL Developers,SyManSys Technologies India Pvt. Ltd.,,,,,,
9/4/2022,Adobe Experience Platform,Infosys,,,,,,
9/9/2022,Database Developer - MYSQL,Qween Network LLP,,,,,,
8/12/2022,Senior Application Support Analyst,Barclays,,,,,,
9/28/2022,Senior Application Support Analyst,Barclays,,,,,,
9/15/2022,BI Systems Developer - BO,Medline India,,,,,,
9/1/2022,Senior Application Support Analyst,Barclays,,,,,,
9/29/2022,Power BI Developer,Wipfli,,,,,,
9/16/2022,Decision Analytics Associate Consultant/RWD,ZS,,,,,,
9/22/2022,MSBI Data engineer/ Specialist,Jade Global,,,,,,
9/30/2022,ETL Developer,Golden Opportunities,,,,,,
9/16/2022,Senior Application Support Analyst,Barclays,,,,,,
9/27/2022,Data Engineer,Talpro - Leaders in Technology Hiring,,,,,,
9/27/2022,Webfocus Developer,TIBCO,,,,,,
9/7/2022,Assistant Manager ML Ops Engineer,_VOIS,,,,,,
9/30/2022,Specialist Data Engineer,Rangam India,,,,,,
7/31/2022,Financial Advisory International - Data Analytics - SE/AM - Python Developer,Deloitte Asia Pacific,,,,,,
9/16/2022,QlikSense Developer,Morgan Advanced Materials,,,,,,
9/28/2022,Project Billing Analyst / Senior Project Billing Analyst,Precision For Medicine,,,,,,
9/20/2022,SAS Programmer,WTW,,,,,,
9/20/2022,Systems Platform Engineer II,Mastercard,,,,,,
9/8/2022,Software Engineer - Data Support (EST Time Zone),DeepIntent,,,,,,
9/29/2022,Sr. Associate - Projects,Cognizant,,,,,,
9/29/2022,Database Developer,e-Zest Solutions,,,,,,
7/26/2022,CIEL/SEL/23907: SQL Developer,CIEL HR,,,,,,
7/8/2022,VBA DEVELOPER,Diverse Lynx,,,,,,
8/22/2022,Power BI Developer,H.B. Fuller,,,,,,
8/29/2022,Senior Application Support Analyst,Barclays,,,,,,
7/9/2022,Developer,Barclays,,,,,,
9/5/2022,Snowflake Developer,Apidel Technologies,,,,,,
7/31/2022,Data Operations Maintenance Data Senior Analyst,bp,,,,,,
7/31/2022,Sapio Analytics - Backend Developer - Python/Django,Sapio Analytics,,,,,,
3/4/2022,Tableau Developer,SKILLETY,,,,,,
9/30/2022,MS SQL Developer - Mumbai / Kolkata - MNC - WFH,PESHR,,,,,,
9/20/2022,Sr. Associate - Projects,Cognizant,,,,,,
9/20/2022,"IT Analyst, Business Intelligence",Avient Corporation,,,,,,
9/20/2022,BI (Business Intelligence) Developer,Etraveli Group,,,,,,
6/24/2022,Sr. Associate - Projects,Cognizant,,,,,,
8/10/2022,Developer-Cobol,Tata Consultancy Services,,,,,,
9/22/2022,Developer,Barclays,,,,,,
9/15/2022,SDE 1 - Python,Fynd (Shopsense Retail Technologies Ltd.),,,,,,
9/27/2022,Python Developer,Tata Consultancy Services,,,,,,
8/22/2022,Developer,Barclays,,,,,,
9/20/2022,Senior Data Engineer,Mastercard,,,,,,
9/27/2022,Sr. Associate - Projects,Cognizant,,,,,,
9/8/2022,Python Django-Module Lead,Mindtree,,,,,,
9/16/2022,Senior Data Engineer,Barclays,,,,,,
9/22/2022,Senior Data Engineer,Barclays,,,,,,
9/23/2022,Expert Data Engineer,Michael Page,,,,,,
9/29/2022,Senior Data Engineer,GFL Recruitment Private Limited,,,,,,
9/22/2022,Junior Systems Engineer - Linux,Technicolor Creative Studios,,,,,,
9/16/2022,Marsh & McLennan - Senior Specialist - Data Analytics & Visualization,Marsh McLennan Global Services India Private Limited (MMGS),,,,,,
9/29/2022,On Demand Agility - Data Engineer - Python/SQL/Tableau,OnDemand Agility Solutions,,,,,,
9/16/2022,Python programming python scripting,TeamPlus Staffing Solution Pvt Ltd,,,,,,
8/19/2022,Informatica Developer,Diverse Lynx,,,,,,
7/31/2022,Data Engineer,MASTER MIND CONSULTANCY,,,,,,
9/23/2022,MicroStrategy Developer,_VOIS,,,,,,
9/26/2022,Senior Data Engineer,Barclays,,,,,,
7/31/2022,Senior Data Engineer,Barclays,,,,,,
9/10/2022,CIEL/SEL/21695: Data Scientist,CIEL HR,,,,,,
10/3/2022,Qlik Developer - Business Intelligence,Himflax Group,,,,,,
9/23/2022,Senior Data Engineer,Barclays,,,,,,
9/29/2022,Senior Data Engineer,Barclays,,,,,,
9/29/2022,BI Analyst,Internet Brands,,,,,,
9/13/2022,Deputy Manager -Assistant Lead - Data Engineering- Pune,_VOIS,,,,,,
9/30/2022,BI Developer-QlikSense/ QlikSense Developer,NSEIT LIMITED,,,,,,
9/9/2022,Associate Manager - MSBI Developer,SS&C Technologies,,,,,,
9/16/2022,snowflake Developer,Apidel Technologies,,,,,,
8/27/2022,Lead Vulnerability Analyst,Mastercard,,,,,,
9/26/2022,SIOP & Inventory Business Analytics and Data Scientist,Emerson,,,,,,
7/31/2022,Python programming python scripting.,TeamPlus Staffing Solution Pvt Ltd,,,,,,
9/16/2022,Senior Data Engineer,Barclays,,,,,,
9/24/2022,Junior Developer,Datavail,,,,,,
9/1/2022,Senior Database Developer,BNP Paribas,,,,,,
8/15/2022,Sr. Associate - Projects,Cognizant,,,,,,
9/9/2022,Senior Associate - SQL + SSRS Developer,SS&C Technologies,,,,,,
9/16/2022,Python Developer,Apidel Technologies,,,,,,
7/8/2022,Shopify Developer,Infosys,,,,,,
9/30/2022,PL/SQL Software Engineer,Avaloq,,,,,,
9/29/2022,Engineer - IT Operations & Maintenance - 12001,Tata Group,,,,,,
9/4/2022,Database Engineer - PostgreSQL,Himflax Group,,,,,,
7/26/2022,Sr. Associate - Projects,Cognizant,,,,,,
8/30/2022,Hiring for _SQL Developer - Mumbai / Kolkata - MNC - WFH,PESHR,,,,,,
7/26/2022,Mendix Developers,Cognizant,,,,,,
9/28/2022,System Engineer,Magna International,,,,,,
9/20/2022,Big Data Engineer,Barclays,,,,,,
9/23/2022,Software Support Engineer,Amdocs,,,,,,
8/2/2022,SAM8 Developer,Barclays,,,,,,
9/9/2022,UCRM C&P Pune,Barclays,,,,,,
9/6/2022,IT Business Systems Analyst,"PerkinElmer, Inc.",,,,,,
9/29/2022,ETL and Database Engineer-GDO3/2022/26,West Agile Labs,,,,,,
9/16/2022,Qlik Consultant - ETL/Data Modeling,The IT Firm,,,,,,
9/21/2022,Urgently Hiring for Technical Specialist Postgres for Navi Mumbai Location,Spring HR Services LLP,,,,,,
9/16/2022,Developer,Barclays,,,,,,
9/16/2022,Python Django-Technical Lead,Mindtree,,,,,,
9/22/2022,ETL Developer,Barclays,,,,,,
9/15/2022,Associate Mainframe Systems Programmer,Ensono,,,,,,
9/16/2022,Data Science Engineer,Alliance Recruitment Agency,,,,,,
9/16/2022,Sr. Associate - Projects,Cognizant,,,,,,
8/30/2022,TransOrg Analytics - Lead Data Engineer - SQL/ETL/Python,TransOrg Analytics,,,,,,
9/16/2022,Mainframe Developer,Tata Consultancy Services,,,,,,
9/17/2022,SAM8 Developer,Barclays,,,,,,
9/16/2022,Sr. Associate - Projects,Cognizant,,,,,,
8/19/2022,Shopify Developer,Bryan & Candy,,,,,,
9/29/2022,Systems Engineer,Visteon India,,,,,,
9/16/2022,Technology Engineer,Amdocs,,,,,,
9/16/2022,Developer,Barclays,,,,,,
9/7/2022,Sr. Associate - Projects,Cognizant,,,,,,
9/18/2022,"Super Salary, German Company hires System Administrator | System Engineer | Cloud Hosting | Linux | SysAdmin",MGT-COMMERCE GmbH,,,,,,
8/7/2022,Informatica Developer,Inteliment,,,,,,
7/31/2022,AZURE – Data engineer,CGI,,,,,,
9/1/2022,Developer,Tata Group,,,,,,
8/22/2022,Data Engineer - Kafka/Hadoop,NetConnectGlobal,,,,,,
8/15/2022,"SQL,SSRS, report developer, SSIS ,crystal developer",Infrasoft Technologies Ltd,,,,,,
9/20/2022,Apexon - Data Engineer - ETL/DAX Power BI,Apexon,,,,,,
9/21/2022,Tata Power - SME Data Engineer/Data Scientist - Big Data Application Development,TATA Power,,,,,,
9/16/2022,BI Developer,Ascensia Diabetes Care,,,,,,
9/16/2022,System Engineer,Company 3,,,,,,
9/29/2022,Salesforce Developer,Barclays,,,,,,
9/16/2022,ETL Developer,Onit India,,,,,,
8/25/2022,Senior Associate Systems Analyst,Medline India,,,,,,
9/16/2022,Developer,Barclays,,,,,,
8/5/2022,TRIARQ Health - Data Engineer - SQL/AWS/Python,TRIARQ Health India,,,,,,
9/8/2022,Advanced Cyber Sec Archt/Engr,Honeywell,,,,,,
8/14/2022,Sr. Associate - Projects,Cognizant,,,,,,
9/16/2022,Precision - System Engineer - Mumbai,Precision Infomatic (M) Private limited,,,,,,
4/26/2022,Sr. Associate - Projects,Cognizant,,,,,,
10/3/2022,Sr. Associate - Projects,Cognizant,,,,,,
8/30/2022,SAS Programmer,Willis Towers Watson India Careers,,,,,,
7/31/2022,BE_R&C_ Staff_GDS02,EY,,,,,,
9/30/2022,Sr. Associate - Projects,Cognizant,,,,,,
9/17/2022,BizOps Engineer I,Mastercard,,,,,,
8/31/2022,Developer - Abinitio,Barclays,,,,,,
9/29/2022,Sr. Associate - Projects,Cognizant,,,,,,
9/21/2022,Systems Engineer,Symphony Tech Solutions & Consultancy Pvt. Ltd,,,,,,
9/26/2022,Sr. Associate - Projects,Cognizant,,,,,,
9/26/2022,"Database Engineer Navi Mumbai, Maharashtra",Medscape,,,,,,
9/16/2022,Systems Engr I,Honeywell,,,,,,
9/16/2022,Sr. Associate - Projects,Cognizant,,,,,,
9/21/2022,Sr. Associate - Projects,Cognizant,,,,,,
7/31/2022,Assoc Collections Analyst,Veritas Technologies LLC,,,,,,
9/16/2022,Confluence Developer,LTI - Larsen & Toubro Infotech,,,,,,
8/12/2022,Associate Consultant - Decision Analytics - Consulting Firm,Talent Toppers,,,,,,
9/20/2022,Developer,Barclays,,,,,,
9/22/2022,Database Developer (PostgreSQL),Sportz Interactive,,,,,,
7/15/2022,Systems Engineer - Requirements Management,Baker Hughes,,,,,,
9/22/2022,Management Information Analyst,"MORE, from Oliver",,,,,,
9/16/2022,BA - Analytics-ANA005389,Genpact,,,,,,
9/16/2022,Junior Software Engineer - Data Science,LogiNext,,,,,,
9/30/2022,Sr. Associate - Projects,Cognizant,,,,,,
9/19/2022,Sr. Associate - Projects,Cognizant,,,,,,
6/28/2022,Python Developer,Tata Consultancy Services,,,,,,
7/31/2022,Sr. Associate - Projects,Cognizant,,,,,,
9/15/2022,Developer,Barclays,,,,,,
9/14/2022,Sr. Associate - Projects,Cognizant,,,,,,
9/1/2022,Advanced Risk Analytics - Risk Analyst - Data Migration,Advanced Risk Analytics Private Limited,,,,,,
9/16/2022,System Engineer,Precision Infomatic (M) Private limited,,,,,,
8/16/2022,Big Data Engineer,Barclays,,,,,,
7/28/2022,Sr. Associate - Projects,Cognizant,,,,,,
9/29/2022,IT Business System Analyst,Qween Network LLP,,,,,,
8/26/2022,Senior Data Engineer,bp,,,,,,
8/30/2022,Hyperion Developer,Barclays,,,,,,
9/6/2022,Developer,Barclays,,,,,,
9/26/2022,Cloud IAM Specialist (Remote Eligible),Tech Data,,,,,,
5/26/2022,Data Engg lead - Sales and Marketing,Mondelēz International,,,,,,
9/16/2022,Tableau and SQL Developer,SKILLETY,,,,,,
9/3/2022,Celonis Developer,Infosys,,,,,,
9/27/2022,Salesforce Developer,Barclays,,,,,,
9/30/2022,Enabling Areas - Data Engineer - AM/DM,Deloitte Asia Pacific,,,,,,
9/22/2022,Lead-Trans Processing (IND01-DR13AS),Sutherland,,,,,,
9/7/2022,Systems Engineer,ACI Worldwide,,,,,,
9/28/2022,Programmer Associate,UPS,,,,,,
9/16/2022,Sr. Associate - Projects,Cognizant,,,,,,
9/27/2022,Power BI Developer,Ares Management Corporation,,,,,,
7/17/2022,Salesforce Developer,Barclays,,,,,,
7/31/2022,Sr. Associate - Projects,Cognizant,,,,,,
9/14/2022,Data Engineer - Python/Scala,ZYCLYX Consulting Services Pvt Limited,,,,,,
9/26/2022,Azure data engineer inter india,Veridic Solutions,,,,,,
7/31/2022,Tax and Technology VBA Phython Developer,KPMG India,,,,,,
9/7/2022,CIEL/SEL/27455: SAS Developer,CIEL HR,,,,,,
8/29/2022,LRQA Global S&C Analyst,LRQA,,,,,,
9/26/2022,Sr. Associate - Projects,Cognizant,,,,,,
6/19/2022,Systems Monitoring Engineer,Intelerad Medical Systems,,,,,,
9/28/2022,Programmer Associate,UPS,,,,,,
7/31/2022,Engineer - Troubleshooting/Debugging,BURGEON IT SERVICES,,,,,,
9/21/2022,Senior Application Support Analyst,Barclays,,,,,,
9/16/2022,Business system analyst,Qween Network LLP,,,,,,
9/16/2022,Oracle PL/SQL Developer,Infosys,,,,,,
5/5/2022,ETL Developer,Barclays,,,,,,
7/31/2022,IT Engineer I,Mindbody,,,,,,
9/2/2022,PowerBuilder Developer,Hexaware Technologies,,,,,,
9/2/2022,L1 System engineer,Precision Infomatic (M) Private limited,,,,,,
9/2/2022,Sr. Associate - Projects,Cognizant,,,,,,
9/23/2022,Wordpress Developer,businessmantra.me,,,,,,
9/7/2022,"Required for SQL developer (SQL Queries, SSRS, and DBA)",TeamPlus Staffing Solution Pvt Ltd,,,,,,
9/15/2022,Data Research Analyst,Morningstar,,,,,,
9/1/2022,Lead Database Engineer,Mastercard,,,,,,
9/2/2022,Deputy Manager Data Engineer,_VOIS,,,,,,
9/6/2022,Senior Support Analyst,Barclays,,,,,,
7/31/2022,Support Engineer - JBOSS/SQL,S2 Consulting Service,,,,,,
9/29/2022,Senior Database Engineer,Mastercard,,,,,,
9/4/2022,Marketing Analytics,Array Management Consultants,,,,,,
7/31/2022,Senior Data Engineer - ETH0054,Mastercard,,,,,,
9/23/2022,Sr. Associate - Projects,Cognizant,,,,,,
9/23/2022,Developer,Barclays,,,,,,
9/24/2022,Salesforce Developer,Barclays,,,,,,
9/16/2022,Senior Data Engineer,Principal Global Services,,,,,,
8/12/2022,Senior Support Analyst - Unix,BNP Paribas,,,,,,
8/12/2022,SDE 3 - Python,Fynd (Shopsense Retail Technologies Ltd.),,,,,,
8/29/2022,Systems Monitoring Engineer,Intelerad Medical Systems,,,,,,
9/28/2022,FIF Developer,Barclays,,,,,,
9/6/2022,Programming Lead,Labcorp,,,,,,
9/15/2022,Lead Data Engineer- Pune,HARMAN International,,,,,,
2/4/2022,Data_Engineer_Deputy_Manager,_VOIS,,,,,,
9/20/2022,Mainframe Developer,Barclays,,,,,,
9/23/2022,Salesforce Developer,Barclays,,,,,,
7/21/2022,Documentation Engineer,Hexagon Manufacturing Intelligence - K A I,,,,,,
8/26/2022,Developer,Barclays,,,,,,
7/26/2022,System Requirement Engineer,Magna International,,,,,,
7/31/2022,GCP Data Engineer,Diverse Lynx,,,,,,
7/13/2022,Support Engineer L3: Big Data,Impetus,,,,,,
9/30/2022,Technology Engineer,Amdocs,,,,,,
9/16/2022,Senior Data Engineer,Principal Global Services,,,,,,
9/20/2022,PMO Analyst,Barclays,,,,,,
8/14/2022,Developer,Tata Consultancy Services,,,,,,
10/2/2022,Sr. Associate - Projects,Cognizant,,,,,,
7/11/2022,Wordpress Developer,Marque Digital Marketing and Branding Co.,,,,,,
8/28/2022,Sr. Associate - Projects,Cognizant,,,,,,
9/29/2022,Programmer Associate,UPS,,,,,,
9/6/2022,Python Developer,Tech Align Pvt. Ltd.,,,,,,
9/22/2022,AWS Data Engineer,NSEIT LIMITED,,,,,,
8/21/2022,Developer,Barclays,,,,,,
9/28/2022,CIEL/SEL/21723: ETL Developer,CIEL HR,,,,,,
9/30/2022,CIEL/SEL/21723: ETL Developer,CIEL HR,,,,,,
9/26/2022,CIEL/SEL/21723: ETL Developer,CIEL HR,,,,,,
7/31/2022,System/Requirement Engineering Engineers,Expleo Group,,,,,,
9/27/2022,Data_Engineer_Deputy_Manager,_VOIS,,,,,,
9/1/2022,Business Systems Analyst,UPS,,,,,,
9/1/2022,Tableau and SQL Developer - Resource Replacement,SKILLETY,,,,,,
9/22/2022,CIEL/SEL/23899: Data Scientist,CIEL HR,,,,,,
4/8/2022,AWS System Engineer,Bonzai – The Creative Automation Platform,,,,,,
9/22/2022,ETL Developer,Barclays,,,,,,
4/12/2022,Senior Data Engineer,GFL Recruitment Private Limited,,,,,,
10/3/2022,BI Developer/Mumbai,BUSISOL SOURCING (INDIA) PRIVATE LIMITED,,,,,,
9/24/2022,Mainframe Developer,Barclays,,,,,,
8/12/2022,Business Intelligence Developer,United Language Group,,,,,,
7/30/2022,Kafka Developer,Tata Consultancy Services,,,,,,
8/12/2022,BizOps Engineer II,Mastercard,,,,,,
8/19/2022,Middleware Engineer,Barclays,,,,,,
8/16/2022,Developer,Barclays,,,,,,
8/31/2022,Salesforce Developer,Barclays,,,,,,
8/30/2022,Hadoop Admin,Diverse Lynx,,,,,,
8/12/2022,Salesforce Developer,Barclays,,,,,,
6/30/2022,Web Analyst,dentsu international,,,,,,
9/9/2022,Business Systems Analyst,UPS,,,,,,
9/7/2022,Senior Data Engineer,KOKO Networks,,,,,,
7/31/2022,Sr. BI Analyst,Internet Brands,,,,,,
9/9/2022,Developer,Tata Consultancy Services,,,,,,
10/3/2022,Senior Support Analyst - Unix,BNP Paribas,,,,,,
8/12/2022,Salesforce Developer,Barclays,,,,,,
9/29/2022,Ecom ops,Medline India,,,,,,
9/29/2022,Salesforce Developer,Barclays,,,,,,
4/25/2022,Data_Engineer_Deputy_Manager,_VOIS,,,,,,
9/9/2022,Quick Fix Developer,CloudMoyo,,,,,,
9/18/2022,Associate Systems Engineer - DevOps/Infrastructure,Numerator,,,,,,
9/23/2022,Power BI Developer,My Corporate Jobs,,,,,,
8/29/2022,Senior Support Analyst - Windows,BNP Paribas,,,,,,
9/30/2022,Developer,Barclays,,,,,,
9/12/2022,Salesforce Developer,Asteri Technology Pvt Ltd,,,,,,
9/30/2022,Python Developer,Worc Consultancy Pvt Ltd,,,,,,
9/2/2022,Staff Data Engineer,MASTER MIND CONSULTANCY,,,,,,
8/25/2022,Technical Lead I,Johnson Controls,,,,,,
9/24/2022,PowerBi Developer - Women on Break,Her Second Innings,,,,,,
8/18/2022,ETL developer,Barclays,,,,,,
8/29/2022,Salesforce Developer,Barclays,,,,,,
7/31/2022,Associate Systems Engineer - DevOps/Infrastructure,Numerator,,,,,,
9/27/2022,Junior Developer,SrinSoft Technologies,,,,,,
9/2/2022,BizOps Engineer II,Mastercard,,,,,,
8/25/2022,Lead Data Engineer,Principal Global Services,,,,,,
9/30/2022,Salesforce Developer,Barclays,,,,,,
9/28/2022,BA4 - Developer,Barclays,,,,,,
9/15/2022,NetSuite Developer/Staff/44,EY,,,,,,
8/12/2022,Tableau and SQL Developer - Resource Replacement,SKILLETY,,,,,,
7/6/2022,Tableau and SQL Developer - Resource Replacement,SKILLETY,,,,,,
8/29/2022,Senior Data Analytics Engineer,Amazatic,,,,,,
8/29/2022,ODI Developer,IDESLABS PRIVATE LIMITED,,,,,,
9/30/2022,Associate Manager - Data Engineer( Java Developer),SS&C Technologies,,,,,,
9/8/2022,Sr Data Engineer,Varian,,,,,,
9/2/2022,BizOps Engineer II,Mastercard,,,,,,
8/12/2022,Lead Data Engineer - Development - Hadoop and Cloud,Mastercard,,,,,,
8/30/2022,Avaloq Developer,Barclays,,,,,,
10/1/2022,AWS Data Engineer - PySpark/ETL,WorkiFicient,,,,,,
9/20/2022,Salesforce Developer,Barclays,,,,,,
8/21/2022,1882CRVA - SQL / PLSQL Developer - Banking | Mumbai | 2 -4 Y,Renous Consulting,,,,,,
9/27/2022,Salesforce Developer,Barclays,,,,,,
9/22/2022,Senior Support Analyst,Barclays,,,,,,
9/22/2022,L2 Backup Engineer,GEEKAY INFOTECH,,,,,,
9/21/2022,Developer,Barclays,,,,,,
9/8/2022,Tableau Developer,Inteliment,,,,,,
6/2/2022,Specialist Systems Engineer,LRN,,,,,,
9/27/2022,Developer,Barclays,,,,,,
9/24/2022,OWS Developer,Barclays,,,,,,
9/20/2022,Sr Consultant - Analytics Engineer (Mumbai/Remote),Michael Page,,,,,,
9/5/2022,Senior Data Engineer,bp,,,,,,
9/2/2022,Developer,Barclays,,,,,,
9/29/2022,Angular,Tata Consultancy Services,,,,,,
9/29/2022,Engineer - Body Systems CoE,Mahindra Group,,,,,,
9/24/2022,IT Business System Analyst,Qween Network LLP,,,,,,
8/27/2022,"Assistant Vice President, Data Engineer, Consumer Banking & Core Engine",DBS Bank,,,,,,
7/31/2022,Oneture Technologies - Data Engineer - SQL/Azure Data Factory,Oneture Technologies,,,,,,
9/7/2022,BizOps Engineer II,Mastercard,,,,,,
9/23/2022,Systems Engineer,AlphaGrep,,,,,,
9/21/2022,Systems Engineer - .Net(1-2 years) - Pune,Infosys,,,,,,
8/30/2022,Finance Projects and Systems - Production Controls Senior Analyst,BNP Paribas,,,,,,
7/31/2022,IT Security Analyst,Qualys,,,,,,
9/1/2022,CIEL/STF/24342: Support Engineer - Linux/Unix,CIEL HR,,,,,,
9/7/2022,Power BI Developer Data Engineer,innOvator web solutions pvt. ltd.,,,,,,
9/8/2022,Backbase form modeller,Zensar Technologies,,,,,,
5/2/2022,Business Systems Analyst - ECM,Interactive Brokers,,,,,,
7/31/2022,SDE 2 - Python,Fynd (Shopsense Retail Technologies Ltd.),,,,,,
9/25/2022,BizOps Engineer II,Mastercard,,,,,,
9/27/2022,Pl/SQL developer,Diverse Lynx,,,,,,
9/24/2022,Avaloq Developer,Barclays,,,,,,
7/14/2022,NetSuite Developer/Staff/44,EY,,,,,,
8/8/2022,CIEL/SEL/23614: Data Scientist,CIEL HR,,,,,,
9/29/2022,Avaloq Developer,Barclays,,,,,,
9/21/2022,IT Security Analyst,Qualys,,,,,,
9/21/2022,MS Systems Engineer - 5905,Allscripts India,,,,,,
9/4/2022,BizOps Engineer II,Mastercard,,,,,,
9/27/2022,Senior Database Analysis Developer,Wolters Kluwer,,,,,,
9/2/2022,Developer,Barclays,,,,,,
8/28/2022,ETL Developer,IDESLABS PRIVATE LIMITED,,,,,,
7/28/2022,Developer,Barclays,,,,,,
9/15/2022,Developer,Barclays,,,,,,
9/2/2022,"Engineer, Threat Research",Qualys,,,,,,
9/22/2022,Wordpress Developer,GraynWhite,,,,,,
7/31/2022,ODI Engineer,Zen & Art,,,,,,
9/13/2022,Apexon - Data Engineer - ETL/AWS,Apexon,,,,,,
9/22/2022,Sciative Solutions - Junior Business Analyst,Sciative - We Price Right,,,,,,
9/30/2022,Actimize Developer,Barclays,,,,,,
9/24/2022,Senior Support Analyst,Barclays,,,,,,
7/12/2022,Java L2 Support | 4 to 6 Years | Mumbai & Pune,Capgemini,,,,,,
9/20/2022,ETL Developer,Barclays,,,,,,
9/2/2022,Junior Developer,SrinSoft Technologies,,,,,,
7/31/2022,Application Developer,Barclays,,,,,,
8/30/2022,MDM Developer,TIBCO,,,,,,
9/28/2022,Engineer - Body Systems CoE,Mahindra Group,,,,,,
9/8/2022,Senior Systems Analyst,Mastercard,,,,,,
9/22/2022,Crimson AI - SDE 3 - Python,Crimson Interactive,,,,,,
7/31/2022,Data Scientists,ION,,,,,,
9/24/2022,DaaS- Ingestion Product / Template Lead,Mondelēz International,,,,,,
8/31/2022,MSBI Developer | 3 to 5 years | Mumbai,Capgemini,,,,,,
9/26/2022,Biztalk Developer,Infosys,,,,,,
9/2/2022,Sr. Analytic Engineer,General Mills India,,,,,,
3/25/2022,Information Security Analyst,Veritas Technologies LLC,,,,,,
8/22/2022,Associate Software Engineer Database (Siteplug - 228),Affinity Global Inc.,,,,,,
9/21/2022,Associate Team Leader,Morningstar,,,,,,
3/23/2022,"SQL Developer (GCP, ETL)- Mumbai/Kolkata - MNC",PESHR,,,,,,
10/2/2022,"SQL Developer (GCP, ETL)- Mumbai/Kolkata - MNC",PESHR,,,,,,
9/2/2022,TIBCO Developer,Infosys,,,,,,
5/22/2022,Finance Projects and Systems - Production Controls Senior Analyst,BNP Paribas,,,,,,
8/7/2022,Application Development,Barclays,,,,,,
9/29/2022,Mainframe Developer,CGI,,,,,,
9/20/2022,BizOps Engineer II,Mastercard,,,,,,
9/30/2022,Principal Engineer - Data Science,LogiNext,,,,,,
8/9/2022,Developer,Barclays,,,,,,
7/31/2022,SAM8 RCM Developer,Barclays,,,,,,
9/28/2022,ETL Developer,SKILLETY,,,,,,
9/29/2022,L1 Linux Systems Engineer,LeapSwitch Networks,,,,,,
9/7/2022,Scala Developer - Data Warehousing,OptimHire,,,,,,
9/15/2022,"Analyst, Commercial Data Engineer",BD,,,,,,
9/25/2022,Mainframe - Developer,Barclays,,,,,,
5/9/2022,Webmethods Developer,Infosys,,,,,,
9/23/2022,"Senior Database Engineer , Database Engineering (Postgres)",Mastercard,,,,,,
9/21/2022,DATA ENGINEER LEAD,Acme Services,,,,,,
9/16/2022,"Grab opportunity for Specialist_BIS, Mumbai - India",Integreon,,,,,,
8/8/2022,Developer,Barclays,,,,,,
8/31/2022,Senior Systems Analyst,Mastercard,,,,,,
9/28/2022,Wordpress Developer,KOFFEETECH COMMUNICATIONS,,,,,,
9/9/2022,"Salesforce Developer, Specialist",LRN,,,,,,
9/16/2022,Artificial Intelligence Support Engineer,Zycus,,,,,,
8/29/2022,Mean Stack Developor,Private company,,,,,,
8/30/2022,CIEL/SEL/19556: Python Developer,CIEL HR,,,,,,
8/29/2022,Database Developer - SSIS/SSRS,Huptech HR Solutions,,,,,,
10/3/2022,Software Engineer - Data Insights,Coupa Software,,,,,,
9/5/2022,Big Data Developer,Barclays,,,,,,
9/24/2022,CIEL/SEL/23651: Data Scientist,CIEL HR,,,,,,
8/8/2022,Business Systems Analyst - ERP,Interactive Brokers,,,,,,
8/14/2022,Senior Application Support Analyst,Barclays,,,,,,
10/3/2022,Senior Support Analyst,BNP Paribas,,,,,,
9/19/2022,Senior Analyst- Technology/IT Research,SG Analytics,,,,,,
9/29/2022,UIPATH DEVELOPER,Serendipity Corporate Services,,,,,,
8/29/2022,Data Pipeline Engineer,ISS Market Intelligence,,,,,,
8/27/2022,System Engineer,Talent Zone Consultant,,,,,,
8/22/2022,ETL Developer,Internet Brands,,,,,,
8/8/2022,CIEL/SEL/20842: Mainframe Developer,CIEL HR,,,,,,
9/22/2022,Developer,Barclays,,,,,,
9/5/2022,Developer,Barclays,,,,,,
9/21/2022,"Analyst, Information Security-Business Continuity & Disaster Recovery",Western Union,,,,,,
9/23/2022,Product Engineer I - Matching/ Data Analyst,Experian,,,,,,
9/24/2022,Senior Associate - BI DI Developer,SS&C Technologies,,,,,,
9/7/2022,Mainframe Application Engineer,Barclays,,,,,,
9/13/2022,Developer,Barclays,,,,,,
9/13/2022,Senior Support Analyst,BNP Paribas,,,,,,
9/2/2022,IT Engineer,TransPerfect,,,,,,
10/3/2022,MLOps Engineer,KNOREX,,,,,,
5/20/2022,Software Engineer - Test,PhonePe,,,,,,
7/26/2022,"Qlik Developer (Qlik sense, Geo Analytics)",TeamPlus Staffing Solution Pvt Ltd,,,,,,
9/29/2022,DMS Developer,Barclays,,,,,,
7/31/2022,"Systems Engineer (Powershell Scripting, Azure)",Allscripts India,,,,,,
9/28/2022,Autosar Expert,KPIT,,,,,,
7/31/2022,Senior Database Engineer,DBRS Morningstar,,,,,,
4/27/2022,Senior Technical Support Analyst - Global Customer Support,Pivotree,,,,,,
9/24/2022,Associate Systems Engineer - DevOps/Infrastructure,Numerator,,,,,,
9/17/2022,Specialist - Software Engineering,LTI - Larsen & Toubro Infotech,,,,,,
5/20/2022,Machine Learning Developer - Data Modeling & Analytics,ExoTalent Consultancy Services LLP,,,,,,
9/6/2022,Platform Engineer,Amdocs,,,,,,
9/16/2022,Data Research Analyst,Morningstar,,,,,,
9/17/2022,Murex MxML Developer_,Luxoft,,,,,,
8/30/2022,Developer,Barclays,,,,,,
8/26/2022,cobol developer,Globtier Infotech Pvt. Ltd.,,,,,,
9/22/2022,BA3 Developer,Barclays,,,,,,
9/25/2022,Software Engineer - System Administration,Bristlecone,,,,,,
9/24/2022,SDE 2/3 - Python,HuntingCube Recruitment Solutions,,,,,,
9/8/2022,Platform Engineer,Amdocs,,,,,,
9/29/2022,BI Engineer,NICE Ltd,,,,,,
9/27/2022,Business System Analyst Remittances,Qween Network LLP,,,,,,
8/30/2022,Python Developer,LenDenClub,,,,,,
8/14/2022,Senior Vulnerability Analyst,Mastercard,,,,,,
8/7/2022,Biz Ops Engineer I,Mastercard,,,,,,
9/1/2022,Mainframe Developer,Barclays,,,,,,
2/9/2022,ServiceNow Support Analyst/ Senior Support Analyst,BNP Paribas,,,,,,
8/30/2022,Odoo Developer,CodeRize Technologies,,,,,,
7/20/2022,Developer,Barclays,,,,,,
9/23/2022,Engineer II Developer,Mastercard,,,,,,
9/17/2022,Azure Data Engineer,Diverse Lynx,,,,,,
10/3/2022,Developer,Barclays,,,,,,
9/29/2022,SSIS Developer - MSBI/SQL,WorkiFicient,,,,,,
7/13/2022,SDE 2A,EDB,,,,,,
9/27/2022,Assoc Developer,TransUnion,,,,,,
7/31/2022,Compliance Technology Developer,Jefferies,,,,,,
7/18/2022,Cloud Engineer,Globant,,,,,,
9/4/2022,Software Engineer-Test,PhonePe,,,,,,
9/22/2022,API Developer,Barclays,,,,,,
7/31/2022,Senior Data Engineer,Priceline,,,,,,
8/20/2022,Platform Developer,Barclays,,,,,,
9/17/2022,SFDC Developer,CGI,,,,,,
9/28/2022,Etl developer,Diverse Lynx,,,,,,
8/17/2022,Senior Data Engineer,SADA,,,,,,
9/9/2022,"Qlik Developer (Qlik sense, Geo Analytics)",TeamPlus Staffing Solution Pvt Ltd,,,,,,
8/3/2022,Developer - Data Integration,MASTER MIND CONSULTANCY,,,,,,
9/30/2022,Senior Support Analyst,BNP Paribas,,,,,,
5/20/2022,SSIS Developer,Suma Soft Pvt Ltd,,,,,,
9/8/2022,JDA WMS Developer,Infosys,,,,,,
8/24/2022,Cloud Engineer,Fractal,,,,,,
8/21/2022,Amlgo Labs - Data Engineer - Python/Scala,Amlgo Labs,,,,,,
2/26/2022,Developer,Tata Group,,,,,,
9/16/2022,HTML Developer,CV Ease - Online Resume Builder,,,,,,
9/12/2022,Volody - Artificial Intelligence & Machine Learning Engineer,Volody Products Inc,,,,,,
9/23/2022,SQL Developer - Unix/Linux OS,Team Management Services (TMS),,,,,,
9/29/2022,CIEL/SEL/22509: EDI Developer,CIEL HR,,,,,,
9/14/2022,ARIS Developer,Infosys,,,,,,
9/7/2022,Specialist - Cloud Services and Software,LTI - Larsen & Toubro Infotech,,,,,,
9/27/2022,JIRA Developer,Amdocs,,,,,,
8/9/2022,SFDC Developer,CGI,,,,,,
9/28/2022,Developer,Barclays,,,,,,
9/1/2022,Salesforce Developer,Response Informatics,,,,,,
9/6/2022,Developer,Barclays,,,,,,
9/17/2022,Integration Developers,IDESLABS PRIVATE LIMITED,,,,,,
7/31/2022,Compute Engineer,Priceline,,,,,,
9/2/2022,System Integration Engineer,Emerson,,,,,,
7/31/2022,Specialist - Software Engineering,LTI - Larsen & Toubro Infotech,,,,,,
10/3/2022,Senior Data Engineer - BFSI/IT,Haachi,,,,,,
8/11/2022,Salesforce Developer - Apex/Visual Force,Deqode,,,,,,
9/19/2022,System Integration Engineer,Emerson,,,,,,
10/1/2022,PayMate India - IT Engineer - Unix/Linux/Windows OS,PayMate,,,,,,
9/5/2022,Business Systems Analyst 4,VIAVI Solutions,,,,,,
8/19/2022,SDE 2B,EDB,,,,,,
8/31/2022,Azure Developer,Infosys,,,,,,
8/11/2022,Application Developer,Barclays,,,,,,
9/19/2022,Azure Data Engineer,IBST Private Limited,,,,,,
9/14/2022,Machine Learning Support Engineer,Zycus,,,,,,
8/7/2022,Magento Developer,graas,,,,,,
10/3/2022,SDE IV,Antal International,,,,,,
9/2/2022,Application Developer,Barclays,,,,,,
9/1/2022,Specialist - Software Engineering,LTI - Larsen & Toubro Infotech,,,,,,
10/1/2022,MicroStrategy Developer,Evolent Health,,,,,,
7/31/2022,Deputy Manager_Assistant Lead_Data Science_Pune,_VOIS,,,,,,
8/14/2022,Microstrategy Developer,Evolent Health,,,,,,
8/12/2022,OSS Engineer,_VOIS,,,,,,
9/2/2022,"Sr. Analyst, Systems",Evolent Health,,,,,,
9/29/2022,Pega Developer,SkillRecruit™,,,,,,
9/2/2022,Developer,Tata Group,,,,,,
9/29/2022,System Integration Engineer,Emerson,,,,,,
5/5/2022,PeopleSoft developer- Technical Role,GenXHire Services Private Limited,,,,,,
8/30/2022,System Integration Engineer,Emerson,,,,,,
7/31/2022,Spark Developer,IDESLABS PRIVATE LIMITED,,,,,,
7/31/2022,Senior System Analyst,Company 3,,,,,,
7/31/2022,AWS Developer,Barclays,,,,,,
9/20/2022,NVS Analytics - Senior Analyst - 409A Valuation,NVS Analytics,,,,,,
5/22/2022,Escalation Engineer- India,Exabeam,,,,,,
9/14/2022,Application Developer,Barclays,,,,,,
9/29/2022,Deputy Manager Data Engineer,_VOIS,,,,,,
8/28/2022,Developer,Barclays,,,,,,
8/6/2022,Mobicule Technologies - IT Business Analyst,Mobicule Technologies Pvt. Ltd.,,,,,,
9/3/2022,System Integration Engineer,Emerson,,,,,,
9/30/2022,Maximo Developer,Infosys,,,,,,
9/4/2022,Senior Data Engineer,PineBridge Investments,,,,,,
9/30/2022,CarTrade - SEO Analyst - HTML,CarTrade.com,,,,,,
9/10/2022,Oneture Technologies - Data Engineer - Spark/Kafka,Oneture Technologies,,,,,,
9/13/2022,Backend Developer - Data Structure/Algorithm,Onsurity,,,,,,
9/5/2022,System Integration Engineer,Emerson,,,,,,
8/24/2022,Specialist - Cloud Services and Software,LTI - Larsen & Toubro Infotech,,,,,,
10/1/2022,1860CRVA-PL/SQL Developer for a FinTech MNC | 3-5 Years | Mumbai,Renous Consulting,,,,,,
7/31/2022,Talend / ETL Developer,TeamPlus Staffing Solution Pvt Ltd,,,,,,
9/15/2022,"Ratings Analyst, BIS, CCC",Integreon,,,,,,
9/9/2022,IT Applications Engineer - Netsuite,Exabeam,,,,,,
